plate,well,condition_name,condition_value
plate_1,A01,cell line,A549
plate_1,A01,compound,Compound_A
plate_1,A02,cell line,A549
plate_1,A02,compound,Compound_A
plate_1,A03,cell line,A549
plate_1,A03,compound,No_compound
plate_1,A04,cell line,A549
plate_1,A04,compound,Compound_C
plate_1,A05,cell line,A549
plate_1,A05,compound,Compound_B
plate_1,A06,cell line,A549
plate_1,A06,compound,No_compound
plate_1,A07,cell line,A549
plate_1,A07,compound,Compound_B
plate_1,A08,cell line,Hep2G
plate_1,A08,compound,Compound_C
plate_1,A09,cell line,Hep2G
plate_1,A09,compound,Compound_A
plate_1,A10,cell line,Hep2G
plate_1,A10,compound,No_compound
plate_1,A11,cell line,Hep2G
plate_1,A11,compound,Compound_C
plate_1,A12,cell line,Hep2G
plate_1,A12,compound,Compound_C
plate_1,B01,cell line,Hep2G
plate_1,B01,compound,Compound_B
plate_1,B02,cell line,A549
plate_1,B02,compound,Compound_C
plate_1,B03,cell line,Hep2G
plate_1,B03,compound,Compound_A
plate_1,B04,cell line,A549
plate_1,B04,compound,Compound_C
plate_1,B05,cell line,Hep2G
plate_1,B05,compound,Compound_A
plate_1,B06,cell line,Hep2G
plate_1,B06,compound,No_compound
plate_1,B07,cell line,Hep2G
plate_1,B07,compound,Compound_A
plate_1,B08,cell line,Hep2G
plate_1,B08,compound,No_compound
plate_1,B09,cell line,A549
plate_1,B09,compound,Compound_C
plate_1,B10,cell line,A549
plate_1,B10,compound,Compound_C
plate_1,B11,cell line,Hep2G
plate_1,B11,compound,No_compound
plate_1,B12,cell line,Hep2G
plate_1,B12,compound,Compound_C
plate_1,C01,cell line,Hep2G
plate_1,C01,compound,Compound_B
plate_1,C02,cell line,A549
plate_1,C02,compound,No_compound
plate_1,C03,cell line,Hep2G
plate_1,C03,compound,Compound_C
plate_1,C04,cell line,Hep2G
plate_1,C04,compound,Compound_A
plate_1,C05,cell line,A549
plate_1,C05,compound,Compound_C
plate_1,C06,cell line,A549
plate_1,C06,compound,Compound_B
plate_1,C07,cell line,Hep2G
plate_1,C07,compound,Compound_B
plate_1,C08,cell line,A549
plate_1,C08,compound,No_compound
plate_1,C09,cell line,Hep2G
plate_1,C09,compound,No_compound
plate_1,C10,cell line,Hep2G
plate_1,C10,compound,Compound_B
plate_1,C11,cell line,A549
plate_1,C11,compound,Compound_A
plate_1,C12,cell line,A549
plate_1,C12,compound,Compound_B
plate_1,D01,cell line,A549
plate_1,D01,compound,Compound_C
plate_1,D02,cell line,Hep2G
plate_1,D02,compound,No_compound
plate_1,D03,cell line,Hep2G
plate_1,D03,compound,Compound_B
plate_1,D04,cell line,Hep2G
plate_1,D04,compound,Compound_C
plate_1,D05,cell line,Hep2G
plate_1,D05,compound,Compound_C
plate_1,D06,cell line,A549
plate_1,D06,compound,Compound_C
plate_1,D07,cell line,Hep2G
plate_1,D07,compound,No_compound
plate_1,D08,cell line,Hep2G
plate_1,D08,compound,Compound_B
plate_1,D09,cell line,Hep2G
plate_1,D09,compound,Compound_A
plate_1,D10,cell line,A549
plate_1,D10,compound,Compound_C
plate_1,D11,cell line,Hep2G
plate_1,D11,compound,Compound_C
plate_1,D12,cell line,Hep2G
plate_1,D12,compound,Compound_A
plate_1,E01,cell line,Hep2G
plate_1,E01,compound,Compound_C
plate_1,E02,cell line,A549
plate_1,E02,compound,Compound_C
plate_1,E03,cell line,A549
plate_1,E03,compound,Compound_B
plate_1,E04,cell line,A549
plate_1,E04,compound,Compound_C
plate_1,E05,cell line,A549
plate_1,E05,compound,Compound_A
plate_1,E06,cell line,Hep2G
plate_1,E06,compound,No_compound
plate_1,E07,cell line,Hep2G
plate_1,E07,compound,Compound_A
plate_1,E08,cell line,Hep2G
plate_1,E08,compound,Compound_B
plate_1,E09,cell line,Hep2G
plate_1,E09,compound,Compound_C
plate_1,E10,cell line,A549
plate_1,E10,compound,Compound_B
plate_1,E11,cell line,Hep2G
plate_1,E11,compound,Compound_A
plate_1,E12,cell line,Hep2G
plate_1,E12,compound,Compound_B
plate_1,F01,cell line,Hep2G
plate_1,F01,compound,Compound_A
plate_1,F02,cell line,Hep2G
plate_1,F02,compound,No_compound
plate_1,F03,cell line,A549
plate_1,F03,compound,Compound_A
plate_1,F04,cell line,Hep2G
plate_1,F04,compound,Compound_B
plate_1,F05,cell line,Hep2G
plate_1,F05,compound,Compound_C
plate_1,F06,cell line,Hep2G
plate_1,F06,compound,Compound_A
plate_1,F07,cell line,A549
plate_1,F07,compound,Compound_A
plate_1,F08,cell line,Hep2G
plate_1,F08,compound,No_compound
plate_1,F09,cell line,A549
plate_1,F09,compound,No_compound
plate_1,F10,cell line,A549
plate_1,F10,compound,Compound_B
plate_1,F11,cell line,Hep2G
plate_1,F11,compound,No_compound
plate_1,F12,cell line,A549
plate_1,F12,compound,No_compound
plate_1,G01,cell line,A549
plate_1,G01,compound,Compound_C
plate_1,G02,cell line,Hep2G
plate_1,G02,compound,Compound_C
plate_1,G03,cell line,Hep2G
plate_1,G03,compound,Compound_C
plate_1,G04,cell line,A549
plate_1,G04,compound,Compound_B
plate_1,G05,cell line,Hep2G
plate_1,G05,compound,No_compound
plate_1,G06,cell line,A549
plate_1,G06,compound,Compound_B
plate_1,G07,cell line,A549
plate_1,G07,compound,Compound_A
plate_1,G08,cell line,A549
plate_1,G08,compound,No_compound
plate_1,G09,cell line,A549
plate_1,G09,compound,Compound_A
plate_1,G10,cell line,Hep2G
plate_1,G10,compound,Compound_A
plate_1,G11,cell line,A549
plate_1,G11,compound,Compound_C
plate_1,G12,cell line,A549
plate_1,G12,compound,Compound_C
plate_1,H01,cell line,Hep2G
plate_1,H01,compound,Compound_B
plate_1,H02,cell line,A549
plate_1,H02,compound,Compound_A
plate_1,H03,cell line,Hep2G
plate_1,H03,compound,Compound_A
plate_1,H04,cell line,A549
plate_1,H04,compound,No_compound
plate_1,H05,cell line,Hep2G
plate_1,H05,compound,Compound_C
plate_1,H06,cell line,A549
plate_1,H06,compound,Compound_A
plate_1,H07,cell line,Hep2G
plate_1,H07,compound,No_compound
plate_1,H08,cell line,Hep2G
plate_1,H08,compound,No_compound
plate_1,H09,cell line,Hep2G
plate_1,H09,compound,Compound_C
plate_1,H10,cell line,Hep2G
plate_1,H10,compound,Compound_B
plate_1,H11,cell line,A549
plate_1,H11,compound,Compound_A
plate_1,H12,cell line,A549
plate_1,H12,compound,Compound_C
plate_2,A01,cell line,A549
plate_2,A01,compound,Compound_A
plate_2,A02,cell line,Hep2G
plate_2,A02,compound,Compound_B
plate_2,A03,cell line,Hep2G
plate_2,A03,compound,Compound_C
plate_2,A04,cell line,A549
plate_2,A04,compound,Compound_B
plate_2,A05,cell line,A549
plate_2,A05,compound,Compound_C
plate_2,A06,cell line,Hep2G
plate_2,A06,compound,Compound_B
plate_2,A07,cell line,A549
plate_2,A07,compound,Compound_A
plate_2,A08,cell line,A549
plate_2,A08,compound,Compound_B
plate_2,A09,cell line,Hep2G
plate_2,A09,compound,Compound_C
plate_2,A10,cell line,Hep2G
plate_2,A10,compound,Compound_B
plate_2,A11,cell line,A549
plate_2,A11,compound,Compound_C
plate_2,A12,cell line,Hep2G
plate_2,A12,compound,Compound_A
plate_2,B01,cell line,Hep2G
plate_2,B01,compound,Compound_A
plate_2,B02,cell line,Hep2G
plate_2,B02,compound,No_compound
plate_2,B03,cell line,Hep2G
plate_2,B03,compound,Compound_A
plate_2,B04,cell line,A549
plate_2,B04,compound,Compound_B
plate_2,B05,cell line,A549
plate_2,B05,compound,Compound_C
plate_2,B06,cell line,A549
plate_2,B06,compound,Compound_A
plate_2,B07,cell line,A549
plate_2,B07,compound,Compound_A
plate_2,B08,cell line,A549
plate_2,B08,compound,Compound_A
plate_2,B09,cell line,A549
plate_2,B09,compound,Compound_C
plate_2,B10,cell line,A549
plate_2,B10,compound,No_compound
plate_2,B11,cell line,A549
plate_2,B11,compound,Compound_C
plate_2,B12,cell line,Hep2G
plate_2,B12,compound,Compound_C
plate_2,C01,cell line,A549
plate_2,C01,compound,Compound_B
plate_2,C02,cell line,Hep2G
plate_2,C02,compound,Compound_B
plate_2,C03,cell line,Hep2G
plate_2,C03,compound,Compound_A
plate_2,C04,cell line,A549
plate_2,C04,compound,Compound_B
plate_2,C05,cell line,Hep2G
plate_2,C05,compound,Compound_C
plate_2,C06,cell line,Hep2G
plate_2,C06,compound,Compound_B
plate_2,C07,cell line,A549
plate_2,C07,compound,Compound_B
plate_2,C08,cell line,A549
plate_2,C08,compound,No_compound
plate_2,C09,cell line,Hep2G
plate_2,C09,compound,No_compound
plate_2,C10,cell line,A549
plate_2,C10,compound,Compound_C
plate_2,C11,cell line,Hep2G
plate_2,C11,compound,Compound_B
plate_2,C12,cell line,A549
plate_2,C12,compound,No_compound
plate_2,D01,cell line,A549
plate_2,D01,compound,Compound_A
plate_2,D02,cell line,Hep2G
plate_2,D02,compound,Compound_A
plate_2,D03,cell line,Hep2G
plate_2,D03,compound,Compound_B
plate_2,D04,cell line,Hep2G
plate_2,D04,compound,Compound_A
plate_2,D05,cell line,A549
plate_2,D05,compound,No_compound
plate_2,D06,cell line,A549
plate_2,D06,compound,Compound_B
plate_2,D07,cell line,Hep2G
plate_2,D07,compound,Compound_A
plate_2,D08,cell line,Hep2G
plate_2,D08,compound,Compound_B
plate_2,D09,cell line,A549
plate_2,D09,compound,Compound_C
plate_2,D10,cell line,Hep2G
plate_2,D10,compound,Compound_B
plate_2,D11,cell line,Hep2G
plate_2,D11,compound,Compound_C
plate_2,D12,cell line,A549
plate_2,D12,compound,Compound_A
plate_2,E01,cell line,A549
plate_2,E01,compound,Compound_A
plate_2,E02,cell line,A549
plate_2,E02,compound,Compound_C
plate_2,E03,cell line,A549
plate_2,E03,compound,Compound_C
plate_2,E04,cell line,Hep2G
plate_2,E04,compound,Compound_B
plate_2,E05,cell line,Hep2G
plate_2,E05,compound,Compound_C
plate_2,E06,cell line,Hep2G
plate_2,E06,compound,No_compound
plate_2,E07,cell line,A549
plate_2,E07,compound,No_compound
plate_2,E08,cell line,A549
plate_2,E08,compound,Compound_A
plate_2,E09,cell line,Hep2G
plate_2,E09,compound,Compound_B
plate_2,E10,cell line,A549
plate_2,E10,compound,Compound_A
plate_2,E11,cell line,Hep2G
plate_2,E11,compound,Compound_C
plate_2,E12,cell line,Hep2G
plate_2,E12,compound,No_compound
plate_2,F01,cell line,A549
plate_2,F01,compound,Compound_C
plate_2,F02,cell line,A549
plate_2,F02,compound,No_compound
plate_2,F03,cell line,A549
plate_2,F03,compound,Compound_B
plate_2,F04,cell line,A549
plate_2,F04,compound,Compound_B
plate_2,F05,cell line,A549
plate_2,F05,compound,Compound_C
plate_2,F06,cell line,Hep2G
plate_2,F06,compound,Compound_A
plate_2,F07,cell line,A549
plate_2,F07,compound,No_compound
plate_2,F08,cell line,Hep2G
plate_2,F08,compound,Compound_C
plate_2,F09,cell line,A549
plate_2,F09,compound,No_compound
plate_2,F10,cell line,Hep2G
plate_2,F10,compound,Compound_A
plate_2,F11,cell line,A549
plate_2,F11,compound,Compound_C
plate_2,F12,cell line,Hep2G
plate_2,F12,compound,Compound_C
plate_2,G01,cell line,A549
plate_2,G01,compound,Compound_C
plate_2,G02,cell line,Hep2G
plate_2,G02,compound,No_compound
plate_2,G03,cell line,A549
plate_2,G03,compound,No_compound
plate_2,G04,cell line,Hep2G
plate_2,G04,compound,Compound_C
plate_2,G05,cell line,Hep2G
plate_2,G05,compound,Compound_B
plate_2,G06,cell line,A549
plate_2,G06,compound,Compound_B
plate_2,G07,cell line,A549
plate_2,G07,compound,No_compound
plate_2,G08,cell line,Hep2G
plate_2,G08,compound,Compound_B
plate_2,G09,cell line,Hep2G
plate_2,G09,compound,No_compound
plate_2,G10,cell line,Hep2G
plate_2,G10,compound,No_compound
plate_2,G11,cell line,A549
plate_2,G11,compound,Compound_C
plate_2,G12,cell line,A549
plate_2,G12,compound,Compound_C
plate_2,H01,cell line,A549
plate_2,H01,compound,No_compound
plate_2,H02,cell line,A549
plate_2,H02,compound,Compound_A
plate_2,H03,cell line,A549
plate_2,H03,compound,Compound_A
plate_2,H04,cell line,A549
plate_2,H04,compound,Compound_C
plate_2,H05,cell line,A549
plate_2,H05,compound,Compound_C
plate_2,H06,cell line,A549
plate_2,H06,compound,Compound_C
plate_2,H07,cell line,Hep2G
plate_2,H07,compound,No_compound
plate_2,H08,cell line,Hep2G
plate_2,H08,compound,No_compound
plate_2,H09,cell line,Hep2G
plate_2,H09,compound,Compound_C
plate_2,H10,cell line,A549
plate_2,H10,compound,Compound_B
plate_2,H11,cell line,A549
plate_2,H11,compound,Compound_C
plate_2,H12,cell line,Hep2G
plate_2,H12,compound,Compound_C
plate_3,A01,cell line,A549
plate_3,A01,compound,Compound_C
plate_3,A02,cell line,A549
plate_3,A02,compound,Compound_B
plate_3,A03,cell line,Hep2G
plate_3,A03,compound,Compound_C
plate_3,A04,cell line,Hep2G
plate_3,A04,compound,Compound_C
plate_3,A05,cell line,A549
plate_3,A05,compound,Compound_A
plate_3,A06,cell line,Hep2G
plate_3,A06,compound,No_compound
plate_3,A07,cell line,Hep2G
plate_3,A07,compound,Compound_A
plate_3,A08,cell line,Hep2G
plate_3,A08,compound,Compound_C
plate_3,A09,cell line,A549
plate_3,A09,compound,Compound_B
plate_3,A10,cell line,Hep2G
plate_3,A10,compound,No_compound
plate_3,A11,cell line,A549
plate_3,A11,compound,Compound_C
plate_3,A12,cell line,Hep2G
plate_3,A12,compound,Compound_B
plate_3,B01,cell line,A549
plate_3,B01,compound,Compound_A
plate_3,B02,cell line,Hep2G
plate_3,B02,compound,Compound_A
plate_3,B03,cell line,Hep2G
plate_3,B03,compound,Compound_B
plate_3,B04,cell line,Hep2G
plate_3,B04,compound,Compound_C
plate_3,B05,cell line,A549
plate_3,B05,compound,Compound_B
plate_3,B06,cell line,A549
plate_3,B06,compound,No_compound
plate_3,B07,cell line,Hep2G
plate_3,B07,compound,Compound_C
plate_3,B08,cell line,Hep2G
plate_3,B08,compound,No_compound
plate_3,B09,cell line,A549
plate_3,B09,compound,Compound_A
plate_3,B10,cell line,A549
plate_3,B10,compound,Compound_A
plate_3,B11,cell line,Hep2G
plate_3,B11,compound,Compound_C
plate_3,B12,cell line,Hep2G
plate_3,B12,compound,Compound_A
plate_3,C01,cell line,A549
plate_3,C01,compound,No_compound
plate_3,C02,cell line,Hep2G
plate_3,C02,compound,Compound_B
plate_3,C03,cell line,Hep2G
plate_3,C03,compound,No_compound
plate_3,C04,cell line,A549
plate_3,C04,compound,Compound_B
plate_3,C05,cell line,Hep2G
plate_3,C05,compound,No_compound
plate_3,C06,cell line,Hep2G
plate_3,C06,compound,Compound_A
plate_3,C07,cell line,A549
plate_3,C07,compound,No_compound
plate_3,C08,cell line,A549
plate_3,C08,compound,Compound_A
plate_3,C09,cell line,Hep2G
plate_3,C09,compound,No_compound
plate_3,C10,cell line,Hep2G
plate_3,C10,compound,Compound_B
plate_3,C11,cell line,Hep2G
plate_3,C11,compound,No_compound
plate_3,C12,cell line,A549
plate_3,C12,compound,No_compound
plate_3,D01,cell line,A549
plate_3,D01,compound,Compound_B
plate_3,D02,cell line,Hep2G
plate_3,D02,compound,No_compound
plate_3,D03,cell line,A549
plate_3,D03,compound,Compound_B
plate_3,D04,cell line,Hep2G
plate_3,D04,compound,No_compound
plate_3,D05,cell line,Hep2G
plate_3,D05,compound,Compound_A
plate_3,D06,cell line,A549
plate_3,D06,compound,Compound_C
plate_3,D07,cell line,A549
plate_3,D07,compound,Compound_B
plate_3,D08,cell line,Hep2G
plate_3,D08,compound,No_compound
plate_3,D09,cell line,A549
plate_3,D09,compound,Compound_C
plate_3,D10,cell line,A549
plate_3,D10,compound,Compound_B
plate_3,D11,cell line,A549
plate_3,D11,compound,Compound_A
plate_3,D12,cell line,Hep2G
plate_3,D12,compound,Compound_B
plate_3,E01,cell line,Hep2G
plate_3,E01,compound,Compound_A
plate_3,E02,cell line,A549
plate_3,E02,compound,Compound_A
plate_3,E03,cell line,Hep2G
plate_3,E03,compound,No_compound
plate_3,E04,cell line,Hep2G
plate_3,E04,compound,No_compound
plate_3,E05,cell line,A549
plate_3,E05,compound,Compound_B
plate_3,E06,cell line,Hep2G
plate_3,E06,compound,No_compound
plate_3,E07,cell line,A549
plate_3,E07,compound,No_compound
plate_3,E08,cell line,Hep2G
plate_3,E08,compound,No_compound
plate_3,E09,cell line,Hep2G
plate_3,E09,compound,Compound_A
plate_3,E10,cell line,A549
plate_3,E10,compound,Compound_B
plate_3,E11,cell line,A549
plate_3,E11,compound,No_compound
plate_3,E12,cell line,A549
plate_3,E12,compound,No_compound
plate_3,F01,cell line,Hep2G
plate_3,F01,compound,Compound_B
plate_3,F02,cell line,Hep2G
plate_3,F02,compound,Compound_B
plate_3,F03,cell line,A549
plate_3,F03,compound,Compound_A
plate_3,F04,cell line,Hep2G
plate_3,F04,compound,Compound_A
plate_3,F05,cell line,A549
plate_3,F05,compound,Compound_C
plate_3,F06,cell line,A549
plate_3,F06,compound,Compound_B
plate_3,F07,cell line,Hep2G
plate_3,F07,compound,Compound_A
plate_3,F08,cell line,Hep2G
plate_3,F08,compound,Compound_B
plate_3,F09,cell line,A549
plate_3,F09,compound,Compound_C
plate_3,F10,cell line,Hep2G
plate_3,F10,compound,No_compound
plate_3,F11,cell line,A549
plate_3,F11,compound,No_compound
plate_3,F12,cell line,Hep2G
plate_3,F12,compound,Compound_C
plate_3,G01,cell line,A549
plate_3,G01,compound,Compound_C
plate_3,G02,cell line,A549
plate_3,G02,compound,Compound_A
plate_3,G03,cell line,A549
plate_3,G03,compound,Compound_C
plate_3,G04,cell line,Hep2G
plate_3,G04,compound,No_compound
plate_3,G05,cell line,Hep2G
plate_3,G05,compound,Compound_B
plate_3,G06,cell line,A549
plate_3,G06,compound,No_compound
plate_3,G07,cell line,Hep2G
plate_3,G07,compound,Compound_C
plate_3,G08,cell line,Hep2G
plate_3,G08,compound,No_compound
plate_3,G09,cell line,A549
plate_3,G09,compound,Compound_C
plate_3,G10,cell line,A549
plate_3,G10,compound,Compound_C
plate_3,G11,cell line,Hep2G
plate_3,G11,compound,Compound_A
plate_3,G12,cell line,A549
plate_3,G12,compound,Compound_A
plate_3,H01,cell line,A549
plate_3,H01,compound,Compound_B
plate_3,H02,cell line,A549
plate_3,H02,compound,No_compound
plate_3,H03,cell line,Hep2G
plate_3,H03,compound,Compound_A
plate_3,H04,cell line,Hep2G
plate_3,H04,compound,Compound_C
plate_3,H05,cell line,A549
plate_3,H05,compound,Compound_C
plate_3,H06,cell line,Hep2G
plate_3,H06,compound,No_compound
plate_3,H07,cell line,A549
plate_3,H07,compound,Compound_B
plate_3,H08,cell line,Hep2G
plate_3,H08,compound,No_compound
plate_3,H09,cell line,A549
plate_3,H09,compound,Compound_B
plate_3,H10,cell line,A549
plate_3,H10,compound,No_compound
plate_3,H11,cell line,Hep2G
plate_3,H11,compound,Compound_C
plate_3,H12,cell line,Hep2G
plate_3,H12,compound,No_compound
plate_4,A01,cell line,Hep2G
plate_4,A01,compound,No_compound
plate_4,A02,cell line,Hep2G
plate_4,A02,compound,Compound_A
plate_4,A03,cell line,A549
plate_4,A03,compound,No_compound
plate_4,A04,cell line,Hep2G
plate_4,A04,compound,Compound_C
plate_4,A05,cell line,Hep2G
plate_4,A05,compound,No_compound
plate_4,A06,cell line,Hep2G
plate_4,A06,compound,Compound_C
plate_4,A07,cell line,Hep2G
plate_4,A07,compound,No_compound
plate_4,A08,cell line,A549
plate_4,A08,compound,Compound_B
plate_4,A09,cell line,Hep2G
plate_4,A09,compound,Compound_C
plate_4,A10,cell line,A549
plate_4,A10,compound,Compound_B
plate_4,A11,cell line,Hep2G
plate_4,A11,compound,No_compound
plate_4,A12,cell line,Hep2G
plate_4,A12,compound,Compound_A
plate_4,B01,cell line,A549
plate_4,B01,compound,Compound_A
plate_4,B02,cell line,Hep2G
plate_4,B02,compound,Compound_B
plate_4,B03,cell line,A549
plate_4,B03,compound,Compound_A
plate_4,B04,cell line,Hep2G
plate_4,B04,compound,Compound_A
plate_4,B05,cell line,Hep2G
plate_4,B05,compound,No_compound
plate_4,B06,cell line,Hep2G
plate_4,B06,compound,Compound_A
plate_4,B07,cell line,A549
plate_4,B07,compound,Compound_B
plate_4,B08,cell line,Hep2G
plate_4,B08,compound,Compound_B
plate_4,B09,cell line,A549
plate_4,B09,compound,Compound_C
plate_4,B10,cell line,A549
plate_4,B10,compound,Compound_B
plate_4,B11,cell line,A549
plate_4,B11,compound,Compound_B
plate_4,B12,cell line,Hep2G
plate_4,B12,compound,Compound_A
plate_4,C01,cell line,Hep2G
plate_4,C01,compound,Compound_A
plate_4,C02,cell line,Hep2G
plate_4,C02,compound,Compound_B
plate_4,C03,cell line,Hep2G
plate_4,C03,compound,Compound_C
plate_4,C04,cell line,A549
plate_4,C04,compound,Compound_B
plate_4,C05,cell line,Hep2G
plate_4,C05,compound,Compound_C
plate_4,C06,cell line,A549
plate_4,C06,compound,Compound_A
plate_4,C07,cell line,Hep2G
plate_4,C07,compound,Compound_B
plate_4,C08,cell line,Hep2G
plate_4,C08,compound,No_compound
plate_4,C09,cell line,Hep2G
plate_4,C09,compound,Compound_C
plate_4,C10,cell line,A549
plate_4,C10,compound,No_compound
plate_4,C11,cell line,A549
plate_4,C11,compound,Compound_A
plate_4,C12,cell line,Hep2G
plate_4,C12,compound,Compound_A
plate_4,D01,cell line,Hep2G
plate_4,D01,compound,Compound_C
plate_4,D02,cell line,A549
plate_4,D02,compound,Compound_C
plate_4,D03,cell line,Hep2G
plate_4,D03,compound,Compound_B
plate_4,D04,cell line,Hep2G
plate_4,D04,compound,No_compound
plate_4,D05,cell line,A549
plate_4,D05,compound,No_compound
plate_4,D06,cell line,A549
plate_4,D06,compound,Compound_B
plate_4,D07,cell line,Hep2G
plate_4,D07,compound,No_compound
plate_4,D08,cell line,A549
plate_4,D08,compound,No_compound
plate_4,D09,cell line,A549
plate_4,D09,compound,Compound_A
plate_4,D10,cell line,Hep2G
plate_4,D10,compound,No_compound
plate_4,D11,cell line,A549
plate_4,D11,compound,Compound_B
plate_4,D12,cell line,A549
plate_4,D12,compound,Compound_C
plate_4,E01,cell line,Hep2G
plate_4,E01,compound,Compound_A
plate_4,E02,cell line,A549
plate_4,E02,compound,Compound_B
plate_4,E03,cell line,A549
plate_4,E03,compound,Compound_C
plate_4,E04,cell line,Hep2G
plate_4,E04,compound,Compound_B
plate_4,E05,cell line,A549
plate_4,E05,compound,Compound_C
plate_4,E06,cell line,A549
plate_4,E06,compound,Compound_C
plate_4,E07,cell line,Hep2G
plate_4,E07,compound,Compound_C
plate_4,E08,cell line,Hep2G
plate_4,E08,compound,No_compound
plate_4,E09,cell line,Hep2G
plate_4,E09,compound,Compound_A
plate_4,E10,cell line,Hep2G
plate_4,E10,compound,Compound_A
plate_4,E11,cell line,A549
plate_4,E11,compound,Compound_C
plate_4,E12,cell line,A549
plate_4,E12,compound,Compound_B
plate_4,F01,cell line,A549
plate_4,F01,compound,No_compound
plate_4,F02,cell line,A549
plate_4,F02,compound,Compound_A
plate_4,F03,cell line,A549
plate_4,F03,compound,Compound_C
plate_4,F04,cell line,Hep2G
plate_4,F04,compound,Compound_C
plate_4,F05,cell line,A549
plate_4,F05,compound,Compound_C
plate_4,F06,cell line,Hep2G
plate_4,F06,compound,Compound_B
plate_4,F07,cell line,Hep2G
plate_4,F07,compound,Compound_A
plate_4,F08,cell line,A549
plate_4,F08,compound,Compound_B
plate_4,F09,cell line,Hep2G
plate_4,F09,compound,Compound_A
plate_4,F10,cell line,Hep2G
plate_4,F10,compound,Compound_C
plate_4,F11,cell line,Hep2G
plate_4,F11,compound,Compound_C
plate_4,F12,cell line,A549
plate_4,F12,compound,Compound_B
plate_4,G01,cell line,Hep2G
plate_4,G01,compound,No_compound
plate_4,G02,cell line,Hep2G
plate_4,G02,compound,Compound_A
plate_4,G03,cell line,A549
plate_4,G03,compound,Compound_C
plate_4,G04,cell line,A549
plate_4,G04,compound,No_compound
plate_4,G05,cell line,A549
plate_4,G05,compound,Compound_C
plate_4,G06,cell line,Hep2G
plate_4,G06,compound,No_compound
plate_4,G07,cell line,Hep2G
plate_4,G07,compound,No_compound
plate_4,G08,cell line,A549
plate_4,G08,compound,No_compound
plate_4,G09,cell line,A549
plate_4,G09,compound,Compound_A
plate_4,G10,cell line,A549
plate_4,G10,compound,No_compound
plate_4,G11,cell line,Hep2G
plate_4,G11,compound,Compound_B
plate_4,G12,cell line,Hep2G
plate_4,G12,compound,Compound_C
plate_4,H01,cell line,Hep2G
plate_4,H01,compound,Compound_A
plate_4,H02,cell line,Hep2G
plate_4,H02,compound,No_compound
plate_4,H03,cell line,Hep2G
plate_4,H03,compound,No_compound
plate_4,H04,cell line,A549
plate_4,H04,compound,Compound_C
plate_4,H05,cell line,A549
plate_4,H05,compound,Compound_B
plate_4,H06,cell line,Hep2G
plate_4,H06,compound,Compound_B
plate_4,H07,cell line,Hep2G
plate_4,H07,compound,Compound_C
plate_4,H08,cell line,Hep2G
plate_4,H08,compound,No_compound
plate_4,H09,cell line,A549
plate_4,H09,compound,No_compound
plate_4,H10,cell line,A549
plate_4,H10,compound,Compound_C
plate_4,H11,cell line,Hep2G
plate_4,H11,compound,Compound_C
plate_4,H12,cell line,Hep2G
plate_4,H12,compound,Compound_C
plate_5,A01,cell line,Hep2G
plate_5,A01,compound,Compound_A
plate_5,A02,cell line,Hep2G
plate_5,A02,compound,Compound_C
plate_5,A03,cell line,Hep2G
plate_5,A03,compound,No_compound
plate_5,A04,cell line,A549
plate_5,A04,compound,No_compound
plate_5,A05,cell line,A549
plate_5,A05,compound,Compound_C
plate_5,A06,cell line,A549
plate_5,A06,compound,Compound_C
plate_5,A07,cell line,A549
plate_5,A07,compound,Compound_B
plate_5,A08,cell line,Hep2G
plate_5,A08,compound,Compound_A
plate_5,A09,cell line,Hep2G
plate_5,A09,compound,No_compound
plate_5,A10,cell line,Hep2G
plate_5,A10,compound,Compound_B
plate_5,A11,cell line,A549
plate_5,A11,compound,Compound_B
plate_5,A12,cell line,A549
plate_5,A12,compound,Compound_A
plate_5,B01,cell line,A549
plate_5,B01,compound,Compound_B
plate_5,B02,cell line,A549
plate_5,B02,compound,No_compound
plate_5,B03,cell line,Hep2G
plate_5,B03,compound,No_compound
plate_5,B04,cell line,Hep2G
plate_5,B04,compound,No_compound
plate_5,B05,cell line,A549
plate_5,B05,compound,No_compound
plate_5,B06,cell line,A549
plate_5,B06,compound,Compound_C
plate_5,B07,cell line,Hep2G
plate_5,B07,compound,Compound_B
plate_5,B08,cell line,Hep2G
plate_5,B08,compound,No_compound
plate_5,B09,cell line,Hep2G
plate_5,B09,compound,Compound_A
plate_5,B10,cell line,Hep2G
plate_5,B10,compound,Compound_A
plate_5,B11,cell line,Hep2G
plate_5,B11,compound,Compound_A
plate_5,B12,cell line,Hep2G
plate_5,B12,compound,Compound_A
plate_5,C01,cell line,Hep2G
plate_5,C01,compound,Compound_B
plate_5,C02,cell line,Hep2G
plate_5,C02,compound,Compound_B
plate_5,C03,cell line,Hep2G
plate_5,C03,compound,Compound_A
plate_5,C04,cell line,A549
plate_5,C04,compound,Compound_B
plate_5,C05,cell line,Hep2G
plate_5,C05,compound,Compound_C
plate_5,C06,cell line,A549
plate_5,C06,compound,Compound_A
plate_5,C07,cell line,Hep2G
plate_5,C07,compound,No_compound
plate_5,C08,cell line,A549
plate_5,C08,compound,Compound_B
plate_5,C09,cell line,Hep2G
plate_5,C09,compound,Compound_C
plate_5,C10,cell line,A549
plate_5,C10,compound,Compound_B
plate_5,C11,cell line,A549
plate_5,C11,compound,Compound_B
plate_5,C12,cell line,A549
plate_5,C12,compound,Compound_C
plate_5,D01,cell line,Hep2G
plate_5,D01,compound,Compound_C
plate_5,D02,cell line,Hep2G
plate_5,D02,compound,Compound_A
plate_5,D03,cell line,A549
plate_5,D03,compound,Compound_A
plate_5,D04,cell line,A549
plate_5,D04,compound,Compound_B
plate_5,D05,cell line,Hep2G
plate_5,D05,compound,No_compound
plate_5,D06,cell line,Hep2G
plate_5,D06,compound,No_compound
plate_5,D07,cell line,A549
plate_5,D07,compound,Compound_A
plate_5,D08,cell line,A549
plate_5,D08,compound,No_compound
plate_5,D09,cell line,Hep2G
plate_5,D09,compound,No_compound
plate_5,D10,cell line,Hep2G
plate_5,D10,compound,Compound_A
plate_5,D11,cell line,A549
plate_5,D11,compound,Compound_B
plate_5,D12,cell line,A549
plate_5,D12,compound,Compound_A
plate_5,E01,cell line,A549
plate_5,E01,compound,Compound_C
plate_5,E02,cell line,A549
plate_5,E02,compound,Compound_B
plate_5,E03,cell line,A549
plate_5,E03,compound,Compound_B
plate_5,E04,cell line,Hep2G
plate_5,E04,compound,No_compound
plate_5,E05,cell line,Hep2G
plate_5,E05,compound,Compound_A
plate_5,E06,cell line,A549
plate_5,E06,compound,Compound_B
plate_5,E07,cell line,A549
plate_5,E07,compound,Compound_A
plate_5,E08,cell line,A549
plate_5,E08,compound,No_compound
plate_5,E09,cell line,Hep2G
plate_5,E09,compound,Compound_A
plate_5,E10,cell line,Hep2G
plate_5,E10,compound,No_compound
plate_5,E11,cell line,Hep2G
plate_5,E11,compound,Compound_C
plate_5,E12,cell line,A549
plate_5,E12,compound,Compound_C
plate_5,F01,cell line,A549
plate_5,F01,compound,Compound_C
plate_5,F02,cell line,Hep2G
plate_5,F02,compound,No_compound
plate_5,F03,cell line,Hep2G
plate_5,F03,compound,Compound_C
plate_5,F04,cell line,A549
plate_5,F04,compound,No_compound
plate_5,F05,cell line,A549
plate_5,F05,compound,Compound_A
plate_5,F06,cell line,Hep2G
plate_5,F06,compound,Compound_A
plate_5,F07,cell line,A549
plate_5,F07,compound,Compound_A
plate_5,F08,cell line,A549
plate_5,F08,compound,Compound_B
plate_5,F09,cell line,A549
plate_5,F09,compound,Compound_B
plate_5,F10,cell line,Hep2G
plate_5,F10,compound,Compound_C
plate_5,F11,cell line,Hep2G
plate_5,F11,compound,No_compound
plate_5,F12,cell line,A549
plate_5,F12,compound,No_compound
plate_5,G01,cell line,A549
plate_5,G01,compound,No_compound
plate_5,G02,cell line,A549
plate_5,G02,compound,Compound_A
plate_5,G03,cell line,Hep2G
plate_5,G03,compound,Compound_C
plate_5,G04,cell line,Hep2G
plate_5,G04,compound,Compound_C
plate_5,G05,cell line,Hep2G
plate_5,G05,compound,No_compound
plate_5,G06,cell line,Hep2G
plate_5,G06,compound,Compound_C
plate_5,G07,cell line,A549
plate_5,G07,compound,No_compound
plate_5,G08,cell line,Hep2G
plate_5,G08,compound,Compound_B
plate_5,G09,cell line,A549
plate_5,G09,compound,Compound_B
plate_5,G10,cell line,Hep2G
plate_5,G10,compound,Compound_B
plate_5,G11,cell line,A549
plate_5,G11,compound,Compound_C
plate_5,G12,cell line,Hep2G
plate_5,G12,compound,Compound_B
plate_5,H01,cell line,Hep2G
plate_5,H01,compound,Compound_A
plate_5,H02,cell line,A549
plate_5,H02,compound,No_compound
plate_5,H03,cell line,A549
plate_5,H03,compound,Compound_A
plate_5,H04,cell line,A549
plate_5,H04,compound,Compound_C
plate_5,H05,cell line,A549
plate_5,H05,compound,Compound_A
plate_5,H06,cell line,Hep2G
plate_5,H06,compound,Compound_B
plate_5,H07,cell line,Hep2G
plate_5,H07,compound,No_compound
plate_5,H08,cell line,Hep2G
plate_5,H08,compound,No_compound
plate_5,H09,cell line,Hep2G
plate_5,H09,compound,Compound_A
plate_5,H10,cell line,Hep2G
plate_5,H10,compound,No_compound
plate_5,H11,cell line,A549
plate_5,H11,compound,Compound_C
plate_5,H12,cell line,Hep2G
plate_5,H12,compound,Compound_C
plate_6,A01,cell line,A549
plate_6,A01,compound,No_compound
plate_6,A02,cell line,Hep2G
plate_6,A02,compound,Compound_A
plate_6,A03,cell line,A549
plate_6,A03,compound,Compound_A
plate_6,A04,cell line,Hep2G
plate_6,A04,compound,Compound_C
plate_6,A05,cell line,Hep2G
plate_6,A05,compound,Compound_B
plate_6,A06,cell line,A549
plate_6,A06,compound,Compound_C
plate_6,A07,cell line,A549
plate_6,A07,compound,No_compound
plate_6,A08,cell line,Hep2G
plate_6,A08,compound,No_compound
plate_6,A09,cell line,A549
plate_6,A09,compound,Compound_B
plate_6,A10,cell line,Hep2G
plate_6,A10,compound,No_compound
plate_6,A11,cell line,A549
plate_6,A11,compound,Compound_B
plate_6,A12,cell line,Hep2G
plate_6,A12,compound,Compound_C
plate_6,B01,cell line,A549
plate_6,B01,compound,Compound_C
plate_6,B02,cell line,A549
plate_6,B02,compound,Compound_B
plate_6,B03,cell line,Hep2G
plate_6,B03,compound,No_compound
plate_6,B04,cell line,Hep2G
plate_6,B04,compound,Compound_B
plate_6,B05,cell line,Hep2G
plate_6,B05,compound,Compound_B
plate_6,B06,cell line,A549
plate_6,B06,compound,Compound_C
plate_6,B07,cell line,Hep2G
plate_6,B07,compound,No_compound
plate_6,B08,cell line,A549
plate_6,B08,compound,Compound_B
plate_6,B09,cell line,Hep2G
plate_6,B09,compound,Compound_B
plate_6,B10,cell line,Hep2G
plate_6,B10,compound,No_compound
plate_6,B11,cell line,Hep2G
plate_6,B11,compound,Compound_C
plate_6,B12,cell line,A549
plate_6,B12,compound,Compound_B
plate_6,C01,cell line,A549
plate_6,C01,compound,Compound_B
plate_6,C02,cell line,Hep2G
plate_6,C02,compound,Compound_A
plate_6,C03,cell line,A549
plate_6,C03,compound,Compound_B
plate_6,C04,cell line,A549
plate_6,C04,compound,Compound_A
plate_6,C05,cell line,Hep2G
plate_6,C05,compound,No_compound
plate_6,C06,cell line,Hep2G
plate_6,C06,compound,No_compound
plate_6,C07,cell line,Hep2G
plate_6,C07,compound,Compound_C
plate_6,C08,cell line,A549
plate_6,C08,compound,Compound_A
plate_6,C09,cell line,Hep2G
plate_6,C09,compound,Compound_A
plate_6,C10,cell line,A549
plate_6,C10,compound,Compound_C
plate_6,C11,cell line,Hep2G
plate_6,C11,compound,Compound_C
plate_6,C12,cell line,Hep2G
plate_6,C12,compound,Compound_B
plate_6,D01,cell line,Hep2G
plate_6,D01,compound,Compound_B
plate_6,D02,cell line,A549
plate_6,D02,compound,Compound_B
plate_6,D03,cell line,A549
plate_6,D03,compound,Compound_A
plate_6,D04,cell line,Hep2G
plate_6,D04,compound,Compound_C
plate_6,D05,cell line,Hep2G
plate_6,D05,compound,No_compound
plate_6,D06,cell line,A549
plate_6,D06,compound,Compound_A
plate_6,D07,cell line,A549
plate_6,D07,compound,Compound_A
plate_6,D08,cell line,Hep2G
plate_6,D08,compound,Compound_C
plate_6,D09,cell line,Hep2G
plate_6,D09,compound,Compound_C
plate_6,D10,cell line,Hep2G
plate_6,D10,compound,No_compound
plate_6,D11,cell line,A549
plate_6,D11,compound,Compound_A
plate_6,D12,cell line,Hep2G
plate_6,D12,compound,Compound_A
plate_6,E01,cell line,A549
plate_6,E01,compound,Compound_B
plate_6,E02,cell line,Hep2G
plate_6,E02,compound,Compound_C
plate_6,E03,cell line,A549
plate_6,E03,compound,No_compound
plate_6,E04,cell line,A549
plate_6,E04,compound,No_compound
plate_6,E05,cell line,A549
plate_6,E05,compound,Compound_C
plate_6,E06,cell line,Hep2G
plate_6,E06,compound,Compound_A
plate_6,E07,cell line,A549
plate_6,E07,compound,No_compound
plate_6,E08,cell line,A549
plate_6,E08,compound,Compound_B
plate_6,E09,cell line,Hep2G
plate_6,E09,compound,Compound_B
plate_6,E10,cell line,A549
plate_6,E10,compound,Compound_A
plate_6,E11,cell line,Hep2G
plate_6,E11,compound,No_compound
plate_6,E12,cell line,A549
plate_6,E12,compound,Compound_A
plate_6,F01,cell line,Hep2G
plate_6,F01,compound,Compound_B
plate_6,F02,cell line,A549
plate_6,F02,compound,Compound_A
plate_6,F03,cell line,A549
plate_6,F03,compound,Compound_A
plate_6,F04,cell line,Hep2G
plate_6,F04,compound,No_compound
plate_6,F05,cell line,A549
plate_6,F05,compound,Compound_C
plate_6,F06,cell line,A549
plate_6,F06,compound,Compound_C
plate_6,F07,cell line,A549
plate_6,F07,compound,No_compound
plate_6,F08,cell line,Hep2G
plate_6,F08,compound,Compound_B
plate_6,F09,cell line,A549
plate_6,F09,compound,No_compound
plate_6,F10,cell line,Hep2G
plate_6,F10,compound,Compound_B
plate_6,F11,cell line,A549
plate_6,F11,compound,No_compound
plate_6,F12,cell line,Hep2G
plate_6,F12,compound,Compound_A
plate_6,G01,cell line,Hep2G
plate_6,G01,compound,Compound_A
plate_6,G02,cell line,A549
plate_6,G02,compound,Compound_B
plate_6,G03,cell line,A549
plate_6,G03,compound,Compound_B
plate_6,G04,cell line,Hep2G
plate_6,G04,compound,Compound_A
plate_6,G05,cell line,Hep2G
plate_6,G05,compound,Compound_B
plate_6,G06,cell line,A549
plate_6,G06,compound,Compound_B
plate_6,G07,cell line,Hep2G
plate_6,G07,compound,Compound_A
plate_6,G08,cell line,Hep2G
plate_6,G08,compound,Compound_B
plate_6,G09,cell line,Hep2G
plate_6,G09,compound,No_compound
plate_6,G10,cell line,Hep2G
plate_6,G10,compound,Compound_B
plate_6,G11,cell line,A549
plate_6,G11,compound,Compound_A
plate_6,G12,cell line,A549
plate_6,G12,compound,Compound_B
plate_6,H01,cell line,A549
plate_6,H01,compound,Compound_A
plate_6,H02,cell line,Hep2G
plate_6,H02,compound,No_compound
plate_6,H03,cell line,Hep2G
plate_6,H03,compound,No_compound
plate_6,H04,cell line,Hep2G
plate_6,H04,compound,Compound_B
plate_6,H05,cell line,A549
plate_6,H05,compound,Compound_B
plate_6,H06,cell line,Hep2G
plate_6,H06,compound,Compound_A
plate_6,H07,cell line,A549
plate_6,H07,compound,Compound_A
plate_6,H08,cell line,Hep2G
plate_6,H08,compound,Compound_A
plate_6,H09,cell line,A549
plate_6,H09,compound,No_compound
plate_6,H10,cell line,Hep2G
plate_6,H10,compound,No_compound
plate_6,H11,cell line,A549
plate_6,H11,compound,Compound_B
plate_6,H12,cell line,A549
plate_6,H12,compound,Compound_C
plate_7,A01,cell line,Hep2G
plate_7,A01,compound,No_compound
plate_7,A02,cell line,Hep2G
plate_7,A02,compound,Compound_A
plate_7,A03,cell line,A549
plate_7,A03,compound,No_compound
plate_7,A04,cell line,A549
plate_7,A04,compound,No_compound
plate_7,A05,cell line,A549
plate_7,A05,compound,Compound_B
plate_7,A06,cell line,Hep2G
plate_7,A06,compound,No_compound
plate_7,A07,cell line,Hep2G
plate_7,A07,compound,Compound_B
plate_7,A08,cell line,A549
plate_7,A08,compound,Compound_C
plate_7,A09,cell line,Hep2G
plate_7,A09,compound,Compound_B
plate_7,A10,cell line,A549
plate_7,A10,compound,Compound_A
plate_7,A11,cell line,A549
plate_7,A11,compound,Compound_C
plate_7,A12,cell line,A549
plate_7,A12,compound,No_compound
plate_7,B01,cell line,Hep2G
plate_7,B01,compound,Compound_C
plate_7,B02,cell line,A549
plate_7,B02,compound,Compound_C
plate_7,B03,cell line,Hep2G
plate_7,B03,compound,No_compound
plate_7,B04,cell line,A549
plate_7,B04,compound,No_compound
plate_7,B05,cell line,A549
plate_7,B05,compound,Compound_C
plate_7,B06,cell line,Hep2G
plate_7,B06,compound,Compound_C
plate_7,B07,cell line,Hep2G
plate_7,B07,compound,Compound_A
plate_7,B08,cell line,Hep2G
plate_7,B08,compound,Compound_A
plate_7,B09,cell line,Hep2G
plate_7,B09,compound,No_compound
plate_7,B10,cell line,Hep2G
plate_7,B10,compound,Compound_A
plate_7,B11,cell line,Hep2G
plate_7,B11,compound,Compound_A
plate_7,B12,cell line,A549
plate_7,B12,compound,Compound_A
plate_7,C01,cell line,Hep2G
plate_7,C01,compound,Compound_C
plate_7,C02,cell line,A549
plate_7,C02,compound,Compound_A
plate_7,C03,cell line,A549
plate_7,C03,compound,Compound_A
plate_7,C04,cell line,Hep2G
plate_7,C04,compound,Compound_B
plate_7,C05,cell line,Hep2G
plate_7,C05,compound,Compound_A
plate_7,C06,cell line,A549
plate_7,C06,compound,Compound_C
plate_7,C07,cell line,Hep2G
plate_7,C07,compound,Compound_B
plate_7,C08,cell line,A549
plate_7,C08,compound,No_compound
plate_7,C09,cell line,Hep2G
plate_7,C09,compound,Compound_B
plate_7,C10,cell line,A549
plate_7,C10,compound,Compound_A
plate_7,C11,cell line,Hep2G
plate_7,C11,compound,Compound_A
plate_7,C12,cell line,Hep2G
plate_7,C12,compound,Compound_B
plate_7,D01,cell line,A549
plate_7,D01,compound,Compound_A
plate_7,D02,cell line,Hep2G
plate_7,D02,compound,Compound_C
plate_7,D03,cell line,A549
plate_7,D03,compound,No_compound
plate_7,D04,cell line,A549
plate_7,D04,compound,Compound_A
plate_7,D05,cell line,A549
plate_7,D05,compound,Compound_B
plate_7,D06,cell line,A549
plate_7,D06,compound,No_compound
plate_7,D07,cell line,Hep2G
plate_7,D07,compound,No_compound
plate_7,D08,cell line,A549
plate_7,D08,compound,Compound_A
plate_7,D09,cell line,A549
plate_7,D09,compound,Compound_A
plate_7,D10,cell line,A549
plate_7,D10,compound,No_compound
plate_7,D11,cell line,A549
plate_7,D11,compound,Compound_C
plate_7,D12,cell line,A549
plate_7,D12,compound,No_compound
plate_7,E01,cell line,A549
plate_7,E01,compound,Compound_C
plate_7,E02,cell line,Hep2G
plate_7,E02,compound,No_compound
plate_7,E03,cell line,A549
plate_7,E03,compound,Compound_C
plate_7,E04,cell line,Hep2G
plate_7,E04,compound,No_compound
plate_7,E05,cell line,A549
plate_7,E05,compound,Compound_C
plate_7,E06,cell line,A549
plate_7,E06,compound,No_compound
plate_7,E07,cell line,A549
plate_7,E07,compound,Compound_C
plate_7,E08,cell line,A549
plate_7,E08,compound,Compound_B
plate_7,E09,cell line,A549
plate_7,E09,compound,Compound_B
plate_7,E10,cell line,A549
plate_7,E10,compound,Compound_B
plate_7,E11,cell line,Hep2G
plate_7,E11,compound,Compound_B
plate_7,E12,cell line,A549
plate_7,E12,compound,Compound_C
plate_7,F01,cell line,Hep2G
plate_7,F01,compound,Compound_A
plate_7,F02,cell line,A549
plate_7,F02,compound,Compound_B
plate_7,F03,cell line,A549
plate_7,F03,compound,Compound_A
plate_7,F04,cell line,A549
plate_7,F04,compound,No_compound
plate_7,F05,cell line,Hep2G
plate_7,F05,compound,Compound_A
plate_7,F06,cell line,A549
plate_7,F06,compound,Compound_B
plate_7,F07,cell line,Hep2G
plate_7,F07,compound,No_compound
plate_7,F08,cell line,A549
plate_7,F08,compound,Compound_C
plate_7,F09,cell line,A549
plate_7,F09,compound,No_compound
plate_7,F10,cell line,A549
plate_7,F10,compound,No_compound
plate_7,F11,cell line,A549
plate_7,F11,compound,Compound_A
plate_7,F12,cell line,Hep2G
plate_7,F12,compound,Compound_A
plate_7,G01,cell line,Hep2G
plate_7,G01,compound,Compound_A
plate_7,G02,cell line,Hep2G
plate_7,G02,compound,Compound_A
plate_7,G03,cell line,A549
plate_7,G03,compound,Compound_B
plate_7,G04,cell line,Hep2G
plate_7,G04,compound,Compound_B
plate_7,G05,cell line,A549
plate_7,G05,compound,Compound_C
plate_7,G06,cell line,A549
plate_7,G06,compound,No_compound
plate_7,G07,cell line,A549
plate_7,G07,compound,Compound_C
plate_7,G08,cell line,A549
plate_7,G08,compound,Compound_A
plate_7,G09,cell line,Hep2G
plate_7,G09,compound,Compound_A
plate_7,G10,cell line,Hep2G
plate_7,G10,compound,Compound_A
plate_7,G11,cell line,Hep2G
plate_7,G11,compound,Compound_B
plate_7,G12,cell line,Hep2G
plate_7,G12,compound,Compound_A
plate_7,H01,cell line,A549
plate_7,H01,compound,Compound_C
plate_7,H02,cell line,A549
plate_7,H02,compound,Compound_B
plate_7,H03,cell line,A549
plate_7,H03,compound,Compound_A
plate_7,H04,cell line,Hep2G
plate_7,H04,compound,No_compound
plate_7,H05,cell line,Hep2G
plate_7,H05,compound,Compound_A
plate_7,H06,cell line,A549
plate_7,H06,compound,Compound_C
plate_7,H07,cell line,Hep2G
plate_7,H07,compound,Compound_B
plate_7,H08,cell line,A549
plate_7,H08,compound,No_compound
plate_7,H09,cell line,A549
plate_7,H09,compound,Compound_C
plate_7,H10,cell line,Hep2G
plate_7,H10,compound,No_compound
plate_7,H11,cell line,A549
plate_7,H11,compound,Compound_C
plate_7,H12,cell line,Hep2G
plate_7,H12,compound,Compound_A
plate_8,A01,cell line,Hep2G
plate_8,A01,compound,Compound_A
plate_8,A02,cell line,Hep2G
plate_8,A02,compound,No_compound
plate_8,A03,cell line,A549
plate_8,A03,compound,Compound_A
plate_8,A04,cell line,A549
plate_8,A04,compound,Compound_B
plate_8,A05,cell line,A549
plate_8,A05,compound,Compound_A
plate_8,A06,cell line,A549
plate_8,A06,compound,No_compound
plate_8,A07,cell line,Hep2G
plate_8,A07,compound,Compound_A
plate_8,A08,cell line,Hep2G
plate_8,A08,compound,Compound_A
plate_8,A09,cell line,A549
plate_8,A09,compound,Compound_C
plate_8,A10,cell line,A549
plate_8,A10,compound,Compound_C
plate_8,A11,cell line,A549
plate_8,A11,compound,No_compound
plate_8,A12,cell line,Hep2G
plate_8,A12,compound,Compound_B
plate_8,B01,cell line,A549
plate_8,B01,compound,Compound_A
plate_8,B02,cell line,Hep2G
plate_8,B02,compound,Compound_B
plate_8,B03,cell line,A549
plate_8,B03,compound,Compound_C
plate_8,B04,cell line,Hep2G
plate_8,B04,compound,Compound_B
plate_8,B05,cell line,Hep2G
plate_8,B05,compound,Compound_C
plate_8,B06,cell line,A549
plate_8,B06,compound,Compound_C
plate_8,B07,cell line,A549
plate_8,B07,compound,Compound_A
plate_8,B08,cell line,Hep2G
plate_8,B08,compound,Compound_C
plate_8,B09,cell line,Hep2G
plate_8,B09,compound,Compound_A
plate_8,B10,cell line,A549
plate_8,B10,compound,Compound_A
plate_8,B11,cell line,Hep2G
plate_8,B11,compound,Compound_A
plate_8,B12,cell line,A549
plate_8,B12,compound,Compound_B
plate_8,C01,cell line,A549
plate_8,C01,compound,Compound_B
plate_8,C02,cell line,Hep2G
plate_8,C02,compound,Compound_B
plate_8,C03,cell line,Hep2G
plate_8,C03,compound,Compound_C
plate_8,C04,cell line,A549
plate_8,C04,compound,Compound_A
plate_8,C05,cell line,A549
plate_8,C05,compound,Compound_B
plate_8,C06,cell line,Hep2G
plate_8,C06,compound,Compound_C
plate_8,C07,cell line,A549
plate_8,C07,compound,Compound_C
plate_8,C08,cell line,Hep2G
plate_8,C08,compound,No_compound
plate_8,C09,cell line,A549
plate_8,C09,compound,Compound_B
plate_8,C10,cell line,Hep2G
plate_8,C10,compound,No_compound
plate_8,C11,cell line,Hep2G
plate_8,C11,compound,No_compound
plate_8,C12,cell line,A549
plate_8,C12,compound,Compound_B
plate_8,D01,cell line,A549
plate_8,D01,compound,Compound_C
plate_8,D02,cell line,A549
plate_8,D02,compound,Compound_B
plate_8,D03,cell line,A549
plate_8,D03,compound,Compound_B
plate_8,D04,cell line,Hep2G
plate_8,D04,compound,Compound_B
plate_8,D05,cell line,Hep2G
plate_8,D05,compound,Compound_C
plate_8,D06,cell line,Hep2G
plate_8,D06,compound,Compound_A
plate_8,D07,cell line,Hep2G
plate_8,D07,compound,Compound_C
plate_8,D08,cell line,A549
plate_8,D08,compound,Compound_A
plate_8,D09,cell line,A549
plate_8,D09,compound,Compound_C
plate_8,D10,cell line,Hep2G
plate_8,D10,compound,Compound_B
plate_8,D11,cell line,Hep2G
plate_8,D11,compound,Compound_A
plate_8,D12,cell line,A549
plate_8,D12,compound,Compound_C
plate_8,E01,cell line,A549
plate_8,E01,compound,No_compound
plate_8,E02,cell line,A549
plate_8,E02,compound,No_compound
plate_8,E03,cell line,A549
plate_8,E03,compound,Compound_C
plate_8,E04,cell line,Hep2G
plate_8,E04,compound,Compound_B
plate_8,E05,cell line,A549
plate_8,E05,compound,Compound_A
plate_8,E06,cell line,Hep2G
plate_8,E06,compound,Compound_A
plate_8,E07,cell line,A549
plate_8,E07,compound,Compound_C
plate_8,E08,cell line,Hep2G
plate_8,E08,compound,Compound_C
plate_8,E09,cell line,A549
plate_8,E09,compound,No_compound
plate_8,E10,cell line,A549
plate_8,E10,compound,Compound_B
plate_8,E11,cell line,Hep2G
plate_8,E11,compound,Compound_A
plate_8,E12,cell line,Hep2G
plate_8,E12,compound,No_compound
plate_8,F01,cell line,Hep2G
plate_8,F01,compound,Compound_B
plate_8,F02,cell line,A549
plate_8,F02,compound,Compound_B
plate_8,F03,cell line,A549
plate_8,F03,compound,No_compound
plate_8,F04,cell line,A549
plate_8,F04,compound,No_compound
plate_8,F05,cell line,Hep2G
plate_8,F05,compound,No_compound
plate_8,F06,cell line,A549
plate_8,F06,compound,Compound_C
plate_8,F07,cell line,A549
plate_8,F07,compound,Compound_A
plate_8,F08,cell line,Hep2G
plate_8,F08,compound,Compound_C
plate_8,F09,cell line,A549
plate_8,F09,compound,Compound_A
plate_8,F10,cell line,A549
plate_8,F10,compound,Compound_A
plate_8,F11,cell line,Hep2G
plate_8,F11,compound,No_compound
plate_8,F12,cell line,A549
plate_8,F12,compound,Compound_A
plate_8,G01,cell line,A549
plate_8,G01,compound,Compound_C
plate_8,G02,cell line,Hep2G
plate_8,G02,compound,Compound_C
plate_8,G03,cell line,Hep2G
plate_8,G03,compound,Compound_C
plate_8,G04,cell line,Hep2G
plate_8,G04,compound,Compound_A
plate_8,G05,cell line,A549
plate_8,G05,compound,No_compound
plate_8,G06,cell line,A549
plate_8,G06,compound,Compound_A
plate_8,G07,cell line,A549
plate_8,G07,compound,Compound_C
plate_8,G08,cell line,Hep2G
plate_8,G08,compound,Compound_A
plate_8,G09,cell line,Hep2G
plate_8,G09,compound,Compound_C
plate_8,G10,cell line,A549
plate_8,G10,compound,No_compound
plate_8,G11,cell line,Hep2G
plate_8,G11,compound,No_compound
plate_8,G12,cell line,A549
plate_8,G12,compound,Compound_B
plate_8,H01,cell line,A549
plate_8,H01,compound,No_compound
plate_8,H02,cell line,A549
plate_8,H02,compound,Compound_B
plate_8,H03,cell line,Hep2G
plate_8,H03,compound,Compound_B
plate_8,H04,cell line,A549
plate_8,H04,compound,Compound_C
plate_8,H05,cell line,A549
plate_8,H05,compound,No_compound
plate_8,H06,cell line,Hep2G
plate_8,H06,compound,Compound_B
plate_8,H07,cell line,Hep2G
plate_8,H07,compound,Compound_A
plate_8,H08,cell line,Hep2G
plate_8,H08,compound,Compound_A
plate_8,H09,cell line,A549
plate_8,H09,compound,Compound_B
plate_8,H10,cell line,A549
plate_8,H10,compound,Compound_A
plate_8,H11,cell line,A549
plate_8,H11,compound,Compound_B
plate_8,H12,cell line,Hep2G
plate_8,H12,compound,No_compound
